,symbol,synonymSymbol,scientificNameWithAuthor,commonName,family
75000,RORU,,Rosa rugosa Thunb.,rugosa rose,Rosaceae
88145,TRCL2,,Trifolium clypeatum L.,shield clover,Fabaceae
66711,PLAR9,PLPUA,"Plantago purshii Roem. & Schult. var. argyraea (Morris) Poe, database artifact",,
54029,MEAL8,PAAL23,Parmelia albertana Ahti,,
55791,MILI3,OXGA2,Oxybaphus gausapoides (Standl.) Standl.,,
43529,HYUN,NAAF,Nama affinis (A. Gray) Kuntze,,
55825,MIMA4,,Minuartia macrocarpa (Pursh) Ostenf.,longpod stitchwort,Caryophyllaceae
47938,LEMO5,,Leucothrinax morrisii (H. Wendl.) C.Lewis & Zona,Key thatch palm,Arecaceae
44676,ISRIR,ISRIP,Isoetes riparia Engelm. ex A. Braun var. palmeri (A.A. Eaton) Proctor,,
66120,PIEN,,Picea engelmannii Parry ex Engelm.,Engelmann spruce,Pinaceae
89765,URDIH,URGRH,Urtica gracilis Aiton ssp. holosericea (Nutt.) W.A. Weber,,
75149,RUAC3,ACVU,Acetosella vulgaris Fourr.,,
92130,WEHE,,Weissia hedwigii H.A. Crum,Hedwig's weissia moss,Pottiaceae
85222,SYPH2,,Syzygospora physciacearum Diederich,,Syzygosporaceae
19676,CILI5,CILI,"Citrus limon (L.) Burm. f., database artifact",,
12683,CAAM18,CAAM6,Campanula americana L.,,
32564,EREX4,,Erigeron eximius Greene,sprucefir fleabane,Asteraceae
58986,OEMC,,Oenothera mckelveyae (Munz) W.L. Wagner & Hoch,Mckelvey's beeblossom,Onagraceae
32963,ERLAG,,Eriophyllum lanatum (Pursh) Forbes var. grandiflorum (A. Gray) Jeps.,common woolly sunflower,Asteraceae
55573,MIGO,MIUN3,Minuartia uniflora auct. non (Walter) Mattf.,,
54620,MENE8,,Melinis nerviglumis (Franch.) Zizka,,Poaceae
30756,ELMA3,ELPT,Elaphoglossum pteropus auct. non C. Chr.,,
2753,ALPO3,,Alphitonia ponderosa Hillebr.,Hawai'i kauilatree,Rhamnaceae
84324,STSA7,,Strophanthus sarmentosus DC.,strophanthus,Apocynaceae
73248,REDFI,,Redfieldia Vasey,blowout grass,Poaceae
62189,PEAM11,,Perityle ambrosiifolia Greene ex A. Powell & S.C. Yarborough,lace-leaved rockdaisy,Asteraceae
52170,LYAR2,,Lygodesmia arizonica S. Tomb,Arizona skeletonplant,Asteraceae
18827,CHNIP2,CHPAR,Chamaecrista patellaria (DC. ex Collad.) Greene var. ramosa (Vogel) Irwin & Barneby,,
70559,PRVIM,PRME2,Prunus melanocarpa (A. Nelson) Rydb.,,
85391,SYSI3,ASSI7,Aster simmondsii Small,,
41358,HESI,,Helianthus silphioides Nutt.,rosinweed sunflower,Asteraceae
10881,BOJE,,Botrychium jenmanii Underw.,Dixie grapefern,Ophioglossaceae
33160,ERMIS2,ERSI8,Eriogonum simpsonii Benth.,,
85418,SYSQ,ASSUA,Aster subulatus Michx. var. australis (A. Gray) Shinners,,
77400,SAME2,SAFL14,Salix fluviatilis auct. non Nutt.,,
58255,NOGR,,Notholaena grayi Davenport,Gray's cloak fern,Pteridaceae
71515,PUAG,,Puccinellia agrostidea T.J. Sørensen,bent alkaligrass,Poaceae
3246,AMGR5,,Ambrosia grayi (A. Nelson) Shinners,woollyleaf bur ragweed,Asteraceae
52577,LYVE6,,Lysimachia venosa (Wawra) H. St. John,veined yellow loosestrife,Primulaceae
20894,CLSQ60,,Cladonia squamosa (Scop.) Hoffm.,cup lichen,Cladoniaceae
88159,TRCO19,,Triglochin concinna Burtt Davy,slender arrowgrass,Juncaginaceae
24530,CYAL4,,Cyrtandra ×alnea H. St. John (pro sp.),cyrtandra,Gesneriaceae
41148,HEPPI,,Heppia Nageli,heppia lichen,Heppiaceae
37541,GAMEA,GAMEA3,Galium mexicanum Kunth var. asperrimum (A. Gray) Higgins & S.L. Welsh,,
80482,SESPP,SESPP4,Sedum spathulifolium Hook. var. pruinosum (Britton) B. Boivin,,
44954,JAMU2,,Jasminum multiflorum (Burm. f.) Andrews,star jasmine,Oleaceae
49076,LICO15,,Lichina confinis (O.F. Müll.) C. Agardh,seaweed lichen,Lichinaceae
59869,ORBU,PHTU5,Phelipaea tuberosa A. Gray,,
28582,DIUN7,,Dicranodontium uncinatum (Harv.) A. Jaeger,dicranodontium moss,Dicranaceae
66541,PISA,,Pimpinella saxifraga L.,solidstem burnet saxifrage,Apiaceae
67501,PLSC70,CASC32,Calliergonella schreberi (Brid.) Grout,,
63675,PESC2,,Penstemon scapoides D.D. Keck,pinyon beardtongue,Scrophulariaceae
29837,DYLIL,DILI6,Dipteracanthus linearis Torr. & A. Gray,,
76458,SABO2,SAPS5,Salix pseudomyrsinites auct. non Andersson,,
56125,MIRO4,ARROD,Arenaria rossii R. Br. ex Richardson var. daethiana Polunin,,
70158,PREME,PREMC,Prunus emarginata (Douglas ex Hook.) D. Dietr. var. crenulata (Greene) Kearney & Peebles,,
43450,HYSP70,HYSPA,Hylocomium splendens (Hedw.) Schimp. var. alaskanum (Lesq. & James) Limpr.,,
10219,BESA,,Betula ×sandbergii Britton,Sandberg birch,Betulaceae
28435,DISE9,,Dicliptera sexangularis (L.) Juss.,sixangle foldwing,Acanthaceae
60468,OXCU2,,Oxycaryum cubense (Poepp. & Kunth) Lye,Cuban bulrush,Cyperaceae
61693,PAPS5,,Packera pseudaurea (Rydb.) W.A. Weber & Á. Löve,falsegold groundsel,Asteraceae
70556,PRVIM,,Prunus virginiana L. var. melanocarpa (A. Nelson) Sarg.,black chokecherry,Rosaceae
92814,ZAAM,,Zanthoxylum americanum Mill.,common pricklyash,Rutaceae
48837,LEWE,,Lecanora weberi B.D. Ryan,Weber's rim lichen,Lecanoraceae
13879,CAEXE,,Castilleja exserta (A. Heller) T.I. Chuang & Heckard ssp. exserta,exserted Indian paintbrush,Scrophulariaceae
57496,NAIN3,,Nashia inaguensis Millsp.,el tuque,Verbenaceae
45731,KEBRG,,Keckiella breviflora (Lindl.) Straw ssp. glabrisepala (D.D. Keck) Straw,bush beardtongue,Scrophulariaceae
63203,PEMEM2,,Pediomelum megalanthum (Wooton & Standl.) Rydb. var. megalanthum,Intermountain Indian breadroot,Fabaceae
36241,FIOB2,,Fissidens obtusifolius Wilson,obtuseleaf fissidens moss,Fissidentaceae
51135,LUARL5,LUCL,Lupinus clarkensis C.P. Sm.,,
78847,SCHEU,,Scheuchzeria L.,rannoch-rush,Scheuchzeriaceae
9,ABAM,,Abies amabilis (Douglas ex Loudon) Douglas ex Forbes,Pacific silver fir,Pinaceae
86168,TEOA,TELYC,Tetraplasandra lydgatei (Hillebr.) Harms var. coriacea Sherff,,
44037,IPLI2,,Ipomoea littoralis Blume,whiteflower beach morning-glory,Convolvulaceae
71817,PYCO12,ANCO33,Anthracothecium corticatum Müll. Arg.,,
48173,LEPA49,ELPA13,Elymus paboanus Claus,,
81031,SIINE,,Silene involucrata (Cham. & Schltdl.) Bocquet ssp. elatior (Regel) Bocquet,arctic catchfly,Caryophyllaceae
82911,SPJU3,,Sphagnum junghuhnianum Dozy & Molk.,Junghuhn's sphagnum,Sphagnaceae
25364,CYNOD,,Cynodon Rich.,Bermudagrass,Poaceae
16716,CAVA2,,Carex vaginata Tausch,sheathed sedge,Cyperaceae
61721,PAPU5,PAPUG,Paspalum pubiflorum Rupr. ex Fourn. var. glabrum Vasey ex Scribn.,,
43490,HYTE9,,Hylotelephium telephioides (Michx.) H. Ohba,Allegheny stonecrop,Crassulaceae
86762,THINI,THLI6,Thelypodium lilacinum Greene,,
43845,INTSI,,Intsia Thouars,,Fabaceae
89514,TURNE,,Turnera L.,turnera,Turneraceae
46947,LEAT62,,Lecidea atrobrunnea (Raymond ex Lam. & DC.) Schaerer,lecidea lichen,Lecideaceae
89057,TRPO2,,Trianthema portulacastrum L.,desert horsepurslane,Aizoaceae
4723,ANUR,POUR,Polytaenium urbanii (Brause) Alain,,
61580,PAOR5,PAPS10,Papaver pseudo-orientale (Fedde) Medw.,,
16003,CARUL,,Castilleja rubicundula (Jeps.) T.I. Chuang & Heckard ssp. lithospermoides (Benth.) T.I. Chuang & Heckard,cream sacs,Scrophulariaceae
11617,BRIGH,,Brighamia A. Gray,brighamia,Campanulaceae
20765,CLPO60,,Cladonia pocillum (Ach.) Grognot,cup lichen,Cladoniaceae
77567,SANI,SANIL3,Salix nigra Marshall var. longifolia Andersson,,
10774,BODA2,BUDA,Buchloe dactyloides (Nutt.) Engelm.,,
51246,LUBIT6,LUTR4,Lupinus trifidus Torr. ex S. Watson,,
780,ACNET,ACNEL,Acer negundo L. ssp. latifolium (Pax) Schwerin,,
44796,IVLYM,,Ivesia lycopodioides A. Gray ssp. megalopetala (Rydb.) D.D. Keck,clubmoss mousetail,Rosaceae
47809,LELI14,LILI2,Linanthus liniflorus (Benth.) Greene,,
11086,BOSP3,ANSP5,Andropogon springfieldii Gould,,
18232,CHDEA2,,Chamaesyce deltoidea (Engelm. ex Chapm.) Small ssp. adhaerens (Small) Herndon,wedge sandmat,Euphorbiaceae
69038,POMI18,,Polycoccum microstictum (Leight. ex Mudd) Arnold,polycoccum lichen,Dacampiaceae
16956,CEARF,CEARF2,Cerastium arvense L. var. fuegianum Hook. f.,,
13671,CADED3,,Castilleja densiflora (Benth.) T.I. Chuang & Heckard ssp. densiflora,denseflower Indian paintbrush,Scrophulariaceae
82235,SOSA4,,Solanum sandwicense Hook. & Arn.,Hawai'i horsenettle,Solanaceae
45474,JUOX2,,Juniperus oxycedrus L.,cade juniper,Cupressaceae
74968,ROPS,ROPSI2,Robinia pseudoacacia L. f. inermis (Mirb.) Rehder,,
18526,CHHE3,CHFOG,Chamaesyce forbesii (Sherff) Croizat & O. Deg. var. grandifolia Hillebr.,,
340,ACCI6,ACBR4,Acacia brachystachya auct.,,
55313,MICA3,MICAR,Mimulus cardinalis Douglas ex Benth. var. rigens Greene,,
33839,ERST9,,Eriophyllum stoechadifolium Lag.,seaside woolly sunflower,Asteraceae
57697,NEBR3,PABR8,Parmelia brunella Essl.,,
22771,CRATE3,,Craterostigma Hochst.,craterostigma,Scrophulariaceae
57252,MYMU,LAMU,Lactuca muralis (L.) Fresen.,,
54618,MENE7,,Melaleuca neglecta Ewart & B. Alph. Wood,,Myrtaceae
41926,HIRO4,,Hieracium robinsonii (Zahn) Fernald,Robinson's hawkweed,Asteraceae
23266,CRHOH,CRDIH,Croptilon divaricatum (Nutt.) Raf. var. hookerianum (Torr. & A. Gray) Shinners,,
82359,SOTEL,,Solanum tenuipes Bartlett var. latisectum M.D. Whalen,fancy nightshade,Solanaceae
64869,PHIMP,,Phacelia imbricata Greene ssp. patula (Brand) Heckard,imbricate phacelia,Hydrophyllaceae
80618,SEVIV,CHVI13,Chaetochloa viridis (L.) Scribn.,,
91723,VIRU,,Viburnum rufidulum Raf.,rusty blackhaw,Caprifoliaceae
45412,JUMI2,,Juncus militaris Bigelow,bayonet rush,Juncaceae
7314,ASBIB,ASDI6,Astragalus diholcos Tidestr.,,
48195,LEPAB,LEFI,Leptochloa filiformis (Lam.) P. Beauv.,,
82981,SPMI10,,Sporobolus microspermus (Lag.) Hitchc.,dropseed,Poaceae
35033,EUMA4,,Eucalyptus marginata Donn ex Sm.,jarrah,Myrtaceae
18877,CHOL3,EUOLL2,Euphorbia olowaluana Sherff var. lepidofolia O. Deg. & Sherff,,
47712,LEKID,LEOCD,Lesquerella occidentalis S. Watson ssp. diversifolia (Greene) Maguire & A.H. Holmgren,,
43269,HYPH60,PAOR9,Parmelia oregana Gyel.,,
31834,EQLA,HILA5,Hippochaete laevigata (A. Braun) Farw.,,
8516,ASSC11,,Asplenium scolopendrium L.,Hart's tonguefern,Aspleniaceae
54469,MELAP,MEDO,Mentzelia douglasii H. St. John,,
47268,LEDE,LEEL4,Lepidium elongatum Rydb.,,
65139,PHMI13,PHKEM,Phlox kelseyi Britton var. missoulensis (Wherry) Cronquist,,
26206,DAPU3,,Daucus pusillus Michx.,American wild carrot,Apiaceae
34930,EUJA8,EUJA2,"Euonymus japonica Thunb., orth. var.",,
67493,PLSA8,,Plagiochila satoi S. Hatt.,,Plagiochilaceae
50407,LOIN2,,Lomatium insulare (Eastw.) Munz,San Nicholas biscuitroot,Apiaceae
45698,KAPA4,,Kayea pacifica Hosok.,ketenguit,Clusiaceae
80138,SEMU4,MIMU4,Mimosa muricata L.,,
87314,TIARE,,Tiarella L.,foamflower,Saxifragaceae
85882,TEAR4,HYAR5,Hymenoxys argentea (A. Gray) K.F. Parker,,
8850,ATAN3,ATPA5,Atrichum papillosum (Jenn.) Frye,,
6998,ARTRW8,,Artemisia tridentata Nutt. ssp. wyomingensis Beetle & Young,Wyoming big sagebrush,Asteraceae
36837,FRLA,FROR3,Fraxinus oregona Nutt.,,
88207,TRCYC,,Trichodon cylindricus (Hedw.) Schimp. var. cylindricus,trichodon moss,Ditrichaceae
49333,LIKE,LINES2,Lilium nevadense Eastw. var. shastense Eastw.,,
21385,COCR11,,Cotoneaster ×crispii Exell,,Rosaceae
80502,SESQ,,Senecio squalidus L.,oxford ragwort,Asteraceae
68552,POGL10,PEDE15,Persicaria densiflora (Meisn.) Moldenke,,
73241,REAL2,REEX,Renealmia exaltata L. f.,,
37766,GATE3,GATE4,"Galium texanum (Torr. & A. Gray) Wiegand, non Scheele",,
9601,BAHON,BAHIN,Balsamorhiza hirsuta Nutt. var. neglecta Sharp,,
89128,TRRE,,Tradescantia reverchonii Bush,Reverchon's spiderwort,Commelinaceae
37443,GAHE5,RHHE,Rheedia hessii Britton,,
63376,PEPA53,HEPO9,Heppia polyspora Tuck.,,
65918,PIAN3,,Pimpinella anisum L.,anise burnet saxifrage,Apiaceae
37225,GAANJ,,Galium angustifolium Nutt. ex A. Gray ssp. jacinticum Dempster & Stebbins,San Jacinto bedstraw,Rubiaceae
65582,PHSC5,,Phacelia scopulina (A. Nelson) J.T. Howell,Debeque phacelia,Hydrophyllaceae
19032,CHPU4,CHPUE,Chrysothamnus pulchellus (A. Gray) Greene ssp. elatior (Standl.) H.M. Hall & Clem.,,
84949,SYHI,,Synandra hispidula (Michx.) Britton,Guyandotte beauty,Lamiaceae
22632,COVE4,COMO7,Conradina montana Small,,
40202,HEARA2,HESA14,Heteromeles salicifolia (C. Presl) Abrams,,
15285,CAOC,CAPRO,Cardamine pratensis L. var. occidentalis S. Watson ex B.L. Rob.,,
56603,MONAR2,,Monardella Benth.,monardella,Lamiaceae
87891,TRAL5,TRPE14,Trifolium petrophilum Greene ex A. Heller,,
23540,CRMOS,PSMOS,Psilochenia modocensis (Greene) W.A. Weber ssp. subacaulis (Kellogg) W.A. Weber,,
50053,LOBEB2,,Lobelia berlandieri A. DC. var. berlandieri,Berlandier's lobelia,Campanulaceae
26420,DECA8,,Desmodium canescens (L.) DC.,hoary ticktrefoil,Fabaceae
79151,SCOVO,SCOVM3,Scutellaria ovata Hill ssp. mississippiensis (Mart.) Epling,,
9450,BABI6,LYBI2,Lysiphyllum binatum (Blanco) de Wit,,
13491,CACO3,CACA98,"Calochortus caeruleus (Kellogg) S. Watson, orth. var.",,
81327,SIPO3,MAPO9,Mastichodendron portoricense (Urb.) Alain,,
91762,VISCU,,Viscum L.,mistletoe,Viscaceae
62643,PEEM3,PIEM,Piper emarginellum Sw. ex Wikstr.,,
12877,CAAT2,,Carex atherodes Spreng.,wheat sedge,Cyperaceae
12814,CAAQ3,,Catabrosa aquatica (L.) P. Beauv.,water whorlgrass,Poaceae
61333,PAJA,PAJAP,Paronychia jamesii Torr. & A. Gray var. parviflora Chaudhri,,
25420,CYPA23,ROPA3,Rollandia parvifolia Forbes,,
41168,HEPRR,HEPRR2,Helianthus praecox Engelm. & A. Gray var. runyonii (Heiser) B.L. Turner,,
18567,CHIC,CHICP2,Chrysobalanus icaco L. var. pellocarpus (G. Mey.) DC.,,
3049,AMARE,AMEL2,Ambrosia elatior L.,,
14362,CAIM2,,"Carex impressinervia Bryson, Kral & Manhart",ravine sedge,Cyperaceae
67432,PLRE2,,Pleuropogon refractus (A. Gray) Benth. ex Vasey,nodding semaphoregrass,Poaceae
30780,ELMI,,Elatine minima (Nutt.) Fisch. & C.A. Mey.,small waterwort,Elatinaceae
51540,LUHA7,,Lupinus hartwegii Lindl. [excluded],,Fabaceae
55776,MILI3,,Mirabilis linearis (Pursh) Heimerl,narrowleaf four o'clock,Nyctaginaceae
84671,SYBA,ASBA5,"Aster batesii Rydb., database artifact",,
56583,MOMAH,MOMAH2,Monardella macrantha A. Gray var. hallii Abrams,,
91166,VICA5,,Vitis californica Benth.,California wild grape,Vitaceae
40013,HATU,ZETE2,Zephyranthes texana Herb.,,
70101,PRCED,,Prunus cerasifera Ehrh. var. divaricata (Ledeb.) L.H. Bailey,,Rosaceae
82479,SPAMR2,,Sphaeralcea ambigua A. Gray ssp. rugosa Kearney,desert globemallow,Malvaceae
2420,ALGIG,GIGI2,Gilia gilioides (Benth.) Greene,,
82895,SPIRA5,,Spiraeanthus Maxim.,,Rosaceae
27126,DESE4,,Dendrophthora serpyllifolia (Griseb.) Krug & Urb.,Hispaniolan tree destroyer,Loranthaceae
85889,TEARC,,Tetramolopium arenarium (A. Gray) Hillebr. ssp. arenarium var. confertum Sherff,Maui tetramolopium,Asteraceae
39217,GRPA11,OPSTP,Opuntia stanlyi Engelm. var. parishii (Orcutt) L.D. Benson,,
87621,TOKIB,,Tonestus kingii (D.C. Eaton) G.L. Nesom var. barnebyana (S.L. Welsh & Goodrich) G.L. Nesom,Barneby's serpentweed,Asteraceae
93020,ZIMO2,ZIPU2,Zingiber purpureum Roscoe,,
65627,PHSP10,TASP,Talinum spinescens Torr.,,
4481,ANQU,,Anemone quinquefolia L.,wood anemone,Ranunculaceae
68776,POHY2,POHYE,Polygonum hydropiperoides Michx. var. euronotorum Fernald,,
16343,CAST51,,Campylium stellatum (Hedw.) C.E.O. Jensen,star campylium moss,Amblystegiaceae
39144,GRIN8,,Graphis intricata Fée,script lichen,Graphidaceae
58087,NIHO,DETE5,Desmazieria testudinaria (Nyl.) Follmann & Huneck,,
32497,ERECH,,Erechtites Raf.,burnweed,Asteraceae
87838,TOVO,MYVO,Myriopus volubilis (L.) Small,,
66325,PIMI3,ORMI3,Oryzopsis miliacea (L.) Benth. & Hook. f. ex Asch. & Schweinf.,,
78899,SCHOE6,,Schoenoplectus (Rchb.) Palla,bulrush,Cyperaceae
50288,LOGA2,FIGA,Filago gallica L.,,
41807,HIKOK,HIKOP,Hibiscus kokio Hillebr. ex Wawra var. pekeloi O. Deg. & I. Deg.,,
31739,EPRA,SPRA2,Spathiger ramosus (Jacq.) Britton,,
24901,CYFUF,,Cylindropuntia fulgida (Engelm.) F.M. Knuth var. fulgida,jumping cholla,Cactaceae
6947,ARTOC2,ARCRT,Arctostaphylos crustacea Eastw. var. tomentosiformis J.E. Adams,,
21630,COGL14,,Collema glebulentum (Nyl. ex Crombie) Degel.,jelly lichen,Collemataceae
79180,SCPA6,SCDA,Scrophularia davidsonii Pennell,,
65309,PHPA19,LEPA34,Lecidea parvifolia Pers.,,
2453,ALGU,,Albizia gummifera (J.F. Gmel.) C.A. Sm.,,Fabaceae
91604,VIPIG2,VIPUG2,Viola purpurea Kellogg var. grisea Jeps.,,
89007,TRPE11,,Triumfetta pentandra A. Rich.,fivestamen burbark,Tiliaceae
45065,JUALN,JUALA2,Juncus alpinoarticulatus Chaix ssp. americanus (Farw.) Hämet-Ahti,,
13767,CAECE,CAJO4,Carex josselynii (Fernald) Mack. ex Pease,,
64300,PHCAA,,Phlox carolina L. ssp. alta Wherry,thickleaf phlox,Polemoniaceae
63101,PELI5,,Petalonyx linearis Greene,narrowleaf sandpaper plant,Loasaceae
92014,WACA3,,Waynea californica Moberg,,Bacidiaceae
35893,FEEL2,,Festuca elmeri Scribn. & Merr.,coast fescue,Poaceae
33461,ERPA8,ERPAP8,Eriogonum parvifolium Sm. var. paynei (C.B. Wolf ex Munz) Reveal,,
56752,MOVIF3,,Monardella villosa Benth. ssp. franciscana (Elmer) Jokerst,coyote mint,Lamiaceae
69819,POSY,,Poa sylvestris A. Gray,woodland bluegrass,Poaceae
18059,CHCEA,CHCEI,Chamaesyce celastroides (Boiss.) Croizat & O. Deg. var. ingrata (O. Deg. & Sherff) O. Deg. & I. Deg.,,
46601,LASC3,COSC3,Conyza schiedeana (Less.) Cronquist,,
47255,LECYT,,Lecythis Loefl.,lecythis,Lecythidaceae
39685,HAAL,,Habenaria alata Hook.,winged bog orchid,Orchidaceae
27670,DIDIG,PAGL6,Panicum glabrifolium Nash,,
45951,KRER,KRIM,Krameria imparata (J.F. Macbr.) Britton,,
73623,RHGL70,MNGL,Mnium glabrescens Kindb.,,
41550,HETU3,,Hedyotis tuyamae Hosok.,leblebul,Rubiaceae
76481,SABR9,,Sabatia brachiata Elliott,narrowleaf rose gentian,Gentianaceae
78245,SAST,PAAQ,"Panicum aquaticum Bosc ex Spreng., non Poir.",,
14781,CALU3,,Carex lupuliformis Sartwell ex Dewey,false hop sedge,Cyperaceae
22271,CORI,SERI5,Sebesten rickseckeri (Millsp.) Britton,,
89951,USSU4,,Usnea subhirta Mot.,beard lichen,Parmeliaceae
84118,STOX,STCAO,Stenogyne calaminthoides A. Gray var. oxydonta Sherff,,
50551,LONEN2,,Lotus nevadensis (S. Watson) Greene var. nevadensis,Nevada bird's-foot trefoil,Fabaceae
88980,TRPA21,,Trifolium pallidum Waldst. & Kit.,,Fabaceae
87447,TIPUL,,Tipularia Nutt.,tipularia,Orchidaceae
66734,PLATY15,,Platycerium Desv.,staghorn fern,Polypodiaceae
45038,JOHAN,,Johanneshowellia Reveal,Howell's buckwheat,Polygonaceae
34250,ESMI3,NEWI,Neobesseya wissmannii (Hildmann ex K. Schum.) Britton & Rose,,
26297,DAVEV,,Dalea versicolor Zucc. var. versicolor,oakwoods prairie clover,Fabaceae
45383,JULO3,ADLO,Adhatoda longiflora Torr.,,
51202,LUBA4,,Luisierella barbula (Schwägr.) Steere,luisierella moss,Pottiaceae
56636,MOODO,MOODE,Monardella odoratissima Benth. ssp. euodoratissima Epling,,
55104,MEUM,COUM2,Convolvulus umbellatus L.,,
22136,COPA28,POPA14,Potentilla palustris (L.) Scop.,,
4070,ANHON,ANRU2,Antennaria rupicola Fernald,,
78597,SCCA16,,Sclerocarya caffra Sonder,sclerocarya,Anacardiaceae
3587,AMVEF,AMFU2,Amsinckia furcata Suksd.,,
5473,ARDAP,,Arabis davidsonii Greene var. parva Rollins,Davidson's rockcress,Brassicaceae
34500,EUCH12,ASCH3,Aster chlorolepis Burgess,,
2812,ALSAS,,Allium sanbornii Alph. Wood var. sanbornii,Sanborn's onion,Liliaceae
52738,MABI2,MATRB,Malvastrum tricuspidatum (W.T. Aiton) A. Gray var. bicuspidatum S. Watson,,
10175,BEPU4,,Betula pumila L.,bog birch,Betulaceae
62599,PEDI9,PSDI4,Psoralidium digitatum (Nutt. ex Torr. & A. Gray) Rydb.,,
71460,PTPU2,,Ptilidium pulcherrimum (Weber) Vain.,,Ptilidiaceae
7671,ASEU2,ASPA33,Astragalus parviflorus (Pursh) MacMill.,,
75740,RUMA5,,Ruppia maritima L.,widgeongrass,Ruppiaceae
72279,QUFR,,Quercus frainetto Ten.,Italian oak,Fagaceae
59533,OPENL,OPEND,Opuntia engelmannii Salm-Dyck ex Engelm. var. dulcis (Engelm.) Engelm. ex K. Schum.,,
61026,PACY8,SERE5,Senecio resedifolius Less.,,
36456,FLVI2,PHVI21,Phyllanthus virosus Roxb. ex Willd.,,
5192,ARBI4,ARCH16,Aristolochia chasmema auct. non H. Pfeifer,,
62043,PATE6,PAMO,Panicum molokaiense O. Deg. & Whitney,,
43498,HYTES,AMTES,Amblystegium tenax (Hedw.) C.E.O. Jensen var. spinifolium (Schimp.) H.A. Crum & L.E. Anderson,,
36489,FOFI,,Fontinalis filiformis Sull. & Lesq.,fontinalis moss,Fontinalaceae
24688,CYCO2,MACO19,Mariscus confertus (Sw.) C.B. Clarke,,
38661,GLLA,GLCAL,Glyceria canadensis (Michx.) Trin. var. laxa (Scribn.) Hitchc.,,
60545,OXLA6,OXMA5,Oxalis martiana Zucc.,,
51130,LUARL5,,Lupinus argenteus Pursh ssp. argenteus var. laxiflorus (Douglas ex Lindl.) Dorn,silvery lupine,Fabaceae
88997,TRPAM,,Trifolium parryi A. Gray ssp. montanense (Rydb.) J.M. Gillett,Parry's clover,Fabaceae
75323,RUCA4,,Ruellia caroliniensis (J.F. Gmel.) Steud.,Carolina wild petunia,Acanthaceae
31523,EPCAG,,Epilobium canum (Greene) P.H. Raven ssp. garrettii (A. Nelson) P.H. Raven,Garrett's firechalice,Onagraceae
82324,SOSO5,,×Sorbaronia sorbifolia (Poir.) C.K. Schneid.,,Rosaceae
54691,MEOL61,,Melanelia olivaceoides (Krog) Essl.,melanelia lichen,Parmeliaceae
37830,GAVI,GATE5,Galium texanum Scheele,,
61999,PASU4,,Passiflora subpeltata Ortega,white passionflower,Passifloraceae
43508,HYTET2,SEPU5,Sedum purpureum (L.) Schult.,,
15178,CANEN,CANE22,Calamintha nepetoides Jord.,,
42619,HUSED,LYSEA3,Lycopodium selago L. ssp. arcticum (Grossh.) Tolm.,,
80084,SEMA11,DIME4,Ditremexa medsgeri (Shafer) Britton & Rose,,
61935,PASP,POSP11,Polypteris sphacelata (Nutt. ex Torr.) Trel.,,
16618,CATOP,,Catopsis Griseb.,strap airplant,Bromeliaceae
17580,CEPUP6,,Centromadia pungens (Hook. & Arn.) Greene ssp. pungens,common tarweed,Asteraceae
47151,LECIN,,Leptosiphon ciliatus (Benth.) Jeps. ssp. neglectus (Greene) J.M. Porter & L.A. Johnson,whiskerbrush,Polemoniaceae
26900,DEOB70,TOOB3,Tortula obtusifolia (Schwägr.) Mathieu,,
91468,VIMI9,,Vicia michauxii Spreng.,,Fabaceae
85704,TAOFC,TAAR4,Taraxacum arctogenum Dahlst.,,
82230,SORUR2,SOSC4,"Solidago scabra Muhl. ex Willd., non Muhl.",,
47113,LECAP,LESU24,Lecanora subpallida G. Merr.,,
84357,STSE9,RHSE7,Rhynchostegium serrulatum (Hedw.) A. Jaeger,,
19105,CHROZ,,Chrozophora A. Juss.,chrozophora,Euphorbiaceae
58123,NIQUQ,NIBIQ,Nicotiana bigelovii (Torr.) S. Watson var. quadrivalvis (Pursh) Eastw.,,
62873,PEHA12,,Penstemon haydenii S. Watson,blowout beardtongue,Scrophulariaceae
81180,SIMAV,,Sidalcea malviflora (DC.) A. Gray ex Benth. ssp. virgata (Howell) C.L. Hitchc.,dwarf checkerbloom,Malvaceae
41643,HEWH,YUWHP2,Yucca whipplei Torr. ssp. percursa Haines,,
88109,TRCAW2,TRWO4,Tripterocalyx wootonii Standl.,,
53602,MAPR3,GOPR2,Gonolobus productus Torr.,,
10787,BODI2,BOOBE,Botrychium obliquum Muhl. ex Willd. var. elongatum Gilbert & Haberer,,
63884,PETUT,,Penstemon tubaeflorus Nutt. var. tubaeflorus,white wand beardtongue,Scrophulariaceae
2017,AGTOB,,Agave toumeyana Trel. ex Standl. var. bella Breitung,Toumey's century plant,Agavaceae
32970,ERLAL3,,Eriophyllum lanatum (Pursh) Forbes var. lanatum,common woolly sunflower,Asteraceae
50388,LOHIV,,Lonicera hispidula (Lindl.) Douglas ex Torr. & A. Gray var. vacillans A. Gray,pink honeysuckle,Caprifoliaceae
69878,POTRS,,Poa trivialis L. ssp. sylvicola (Guss.) H. Lindb.,,Poaceae
64060,PHAMA2,,Phlox amoena Sims ssp. amoena,hairy phlox,Polemoniaceae
66634,PIUN,,Pithecellobium unguis-cati (L.) Benth.,catclaw blackbead,Fabaceae
26528,DECU2,MECU2,Meibomia cubensis (Griseb.) Schindl.,,
41667,HIAR2,,Hieracium argutum Nutt.,southern hawkweed,Asteraceae
47404,LEFL9,,Lecidea flavidolivens (Tuck.) Fink,lecidea lichen,Lecideaceae
20185,CLCI2,,Clematis cirrhosa L.,,Ranunculaceae
58288,NONE4,NOSCN,Notholaena schaffneri (Fourn.) Underw. ex Davenport var. nealleyi (Seaton ex J.M. Coult.) Weath.,,
40518,HEDID,,Hedyotis divaricata (Valeton) Hosok. var. divaricata,branched starviolet,Rubiaceae
65062,PHLOM,,Phlomis L.,Jerusalem sage,Lamiaceae
45495,JUPHP2,,Juncus phaeocephalus Engelm. var. phaeocephalus,brownhead rush,Juncaceae
32120,ERBR7,,Eriogonum brachyanthum Coville,shortflower buckwheat,Polygonaceae
20772,CLPR,,Clarkia prostrata F.H. Lewis & M.E. Lewis,prostrate clarkia,Onagraceae
74227,RICU,GRCU2,Grossularia curvata (Small) Coville & Britton,,
85435,SYSUG,ASSUG,Aster subspicatus Nees var. grayi (Suksd.) Cronquist,,
8622,ASSU6,ASSIC,Astragalus silerianus M.E. Jones var. cariacus M.E. Jones,,
85642,TAHE,TAHEP,Tabebuia heterophylla (DC.) Britton ssp. pallida auct. non (Miers) Stehlé,,
35734,FAES2,POFA4,Polygonum fagopyrum L.,,
15773,CAPUP7,,Calamagrostis purpurascens R. Br. var. purpurascens,purple reedgrass,Poaceae
59847,ORAN70,ORANS,Orthotrichum anomalum Hedw. var. saxatile Milde,,
12529,BUTR2,,Buellia triphragmioides Anzi,disc lichen,Physciaceae
73499,RHCO11,,Rhizocarpon copelandii (Körb.) Th. Fr.,Copeland's map lichen,Rhizocarpaceae
9388,BAALA,BALAO,Baptisia lactea (Raf.) Thieret var. obovata (Larisey) Isely,,
4615,ANSE60,ANKA2,Anaptychia kaspica Gyel.,,
29696,DUPA2,,Dudleya palmeri (S. Watson) Britton & Rose,Palmer's liveforever,Crassulaceae
50903,LOUNH,LOPUH,Lotus purshianus Clem. & E.G. Clem. var. helleri (Britton) Isely,,
61138,PAFAF2,PADE2,Panicum degeneri Potztal,,
58129,NIRU,,Nicotiana rustica L.,Aztec tobacco,Solanaceae
37439,GAHE3,GADIV,Gayophytum diffusum Torr. & A. Gray var. villosum Munz,,
51909,LUPOS,LULA12,Lupinus lacus-huntingtonii C.P. Sm.,,
35660,EVTE2,,Evolvulus tenuis Mart. ex Choisy [excluded],,Convolvulaceae
26258,DASP2,DASPP,Danthonia spicata (L.) P. Beauv. ex Roem. & Schult. var. pinetorum Piper,,
79915,SEGI2,SEGI3,Sequoia gigantea (Lindl.) Decne.,,
84697,SYCAC,,Symphyotrichum campestre (Nutt.) G.L. Nesom var. campestre,western meadow aster,Asteraceae
14175,CAHA2,,Carex halliana L.H. Bailey,Hall's sedge,Cyperaceae
13567,CACR13,,Castilleja crista-galli Rydb.,mountainside Indian paintbrush,Scrophulariaceae
25331,CYNAN2,,Cyperus nanus Willd. var. nanus,Indian flatsedge,Cyperaceae
55552,MIGL5,POGRG4,Porsildia groenlandica (Retz.) Á. Löve & D. Löve ssp. glabra (Michx.) Á. Löve & D. Löve,,
10564,BLAR,,Blepharostoma arachnoideum M. Howe,,Pseudolepicoleaceae
39898,HAPA,,Hackelia patens (Nutt.) I.M. Johnst.,spotted stickseed,Boraginaceae
91379,VILA3,,Viguiera laciniata A. Gray,torhleaf goldeneye,Asteraceae
76355,SAAR9,,Sanicula arctopoides Hook. & Arn.,footsteps of spring,Apiaceae
62273,PEATP5,,Penstemon attenuatus Douglas ex Lindl. var. pseudoprocerus (Rydb.) Cronquist,small penstemon,Scrophulariaceae
83550,STCO7,STSY3,Stellaria sylvatica (Beguinot) Maguire,,
13057,CABOM,,Cabomba Aubl.,fanwort,Cabombaceae
62695,PEFL18,,Pennisetum flaccidum Griseb.,flaccidgrass,Poaceae
83354,STAMP,STAMP3,Streptopus amplexifolius (L.) DC. ssp. papillatus (Ohwi) Á. Löve & D. Löve,,
67746,POALA2,POALM,Pogonatum alpinum (Hedw.) Röhl. var. macounii (Kindb.) Cardot & Thér.,,
13959,CAFLF,,Calycanthus floridus L. var. floridus,eastern sweetshrub,Calycanthaceae
25705,CYSI,GRSI,Grammadenia sintenisii (Urb.) Mez,,
79821,SEDI12,,Seligeria diversifolia Lindb.,diverseleaf small limestone moss,Seligeriaceae
86051,TEHA,TEFAH,Tetracoccus fasciculatus (S. Watson) Croizat var. hallii (Brandegee) Dressler,,
34013,ERUMM,ERSU11,Eriogonum subalpinum Greene,,
5606,AREL8,,Aralia elata (Miq.) Seem.,Japanese angelica tree,Araliaceae
18477,CHGO2,,Chrysopsis godfreyi Semple,Godfrey's goldenaster,Asteraceae
2045,AGVIV3,AGCAM4,Agrostis canina L. var. montana Hartm.,,
61483,PAMO17,,Panicum mohavense J. Reeder,Mojave panicgrass,Poaceae
21646,COGL7,,Coursetia glabella (A. Gray) Lavin,smooth babybonnets,Fabaceae
58577,OCGO2,,Ochrolechia gowardii Brodo,,Pertusariaceae
10860,BOHIH,CHHI9,Chondrosum hirsutum (Lag.) Kunth,,
53330,MALO5,,Madhuca longifolia (J. Konig) J.F. Macbr.,mahua,Sapotaceae
42321,HOPEM2,,Honckenya peploides (L.) Ehrh. ssp. major (Hook.) Hultén,seaside sandplant,Caryophyllaceae
66758,PLBA2,,Plectranthus barbatus Andrews,forskohlii,Lamiaceae
72174,PYXIN,,Pyxine Fr.,pyxine lichen,Physciaceae
42692,HYAM,,Hydrocotyle americana L.,American marshpennywort,Apiaceae
64673,PHGLG,,Phyllostegia glabra (Gaudich.) Benth. var. glabra,ulihi phyllostegia,Lamiaceae
62058,PATI5,,Parkia timoriana (DC.) Merr.,,Fabaceae
92389,XAMO,,Xanthoparmelia moctezumensis T. Nash,Montezuma xanthoparmelia lichen,Parmeliaceae
88072,TRCA11,,Trillium catesbaei Elliott,bashful wakerobin,Liliaceae
58005,NEST,,Nemesia strumosa Bentham,capejewels,Scrophulariaceae
21893,COMAC,,Cordylanthus maritimus Nutt. ex Benth. ssp. canescens (A. Gray) T.I. Chuang & Heckard,saltmarsh bird's-beak,Scrophulariaceae
33993,ERUMD,,Eriogonum umbellatum Torr. var. deserticum Reveal,sulphur-flower buckwheat,Polygonaceae
71237,PSST8,,Pseudabutilon stuckertii R.E. Fries,velvetleaf Indian mallow,Malvaceae
61640,PAPAV,,Papaver L.,poppy,Papaveraceae
60149,ORST,PSST2,Psoralea stipulata Torr. & A. Gray,,
18812,CHNIN2,CAASM,Cassia aspera Muhl. ex Elliott var. mohrii Pollard,,
63378,PEPA53,PEPO10,Peltula polyspora (Tuck.) Wetmore,,
52096,LUVAV,LUPE10,"Lupinus persistens A. Heller, non Rose",,
40055,HEAB2,,Hesperocyparis abramsiana (C.B. Wolf) Bartel,Santa Cruz cypress,Cupressaceae
63757,PESU16,,Pertusaria subdactylina Nyl.,pore lichen,Pertusariaceae
68632,POGR19,,Potamogeton groenlandicus Hagstr.,Greenland pondweed,Potamogetonaceae
53568,MAPIP4,SITU3,Sideranthus turbinellus Rydb.,,
67850,POAR8,,Potentilla argentea L.,silver cinquefoil,Rosaceae
75239,RUAR2,RUFL5,Rubus floridensis L.H. Bailey,,
1215,ADHY,AMHY3,Amphoradenium hymenophylloides (Kaulf.) Copeland,,
19304,CHTRH3,,Cheirodendron trigynum (Gaudich.) A. Heller ssp. helleri (Sherff) Lowry,olapalapa,Araliaceae
71378,PTERO3,,Pterospora Nutt.,pinedrops,Monotropaceae
84964,SYLA,,Synthyris laciniata (A. Gray) Rydb.,western kittentails,Scrophulariaceae
5887,ARHOM,ARPUM4,Arctostaphylos pungens Kunth ssp. montana (Eastw.) J.B. Roof,,
36106,FIAM,FIPE2,Ficus perforata L.,,
25614,CYRER2,,Cyperus retrorsus Chapm. var. retrorsus,pine barren flatsedge,Cyperaceae
78646,SCCH3,SCCHP,Scaevola chamissoniana Gaudich. var. piccoi O. Deg. & I. Deg.,,
63060,PELAS,PELAS3,Penstemon laetus A. Gray var. sagittatus (D.D. Keck) McMinn,,
90163,VADE3,,Valerianella dentata (L.) Pollich,narrowfruit cornsalad,Valerianaceae
67229,PLMAJ,PLMAJ2,Plantago maritima L. ssp. juncoides (Lam.) Hultén,,
31478,EPAR,,Ephedra ×arenicola Cutler,sand jointfir,Ephedraceae
19507,CICA10,CATR19,Carduus truncatus Greene,,
64939,PHKE,,Phlox kelseyi Britton,Kelsey's phlox,Polemoniaceae
21616,COFRS,COST18,Cotoneaster sternianus (Turrill) Boom,,
17604,CERAT8,,Ceratolejeunea (Spruce) Schiffn.,,Lejeuneaceae
12208,BRVA4,,Bromus variegatus M. Bieb.,,Poaceae
36846,FRMA5,,Fraxinus mandshurica Rupr.,Manchurian ash,Oleaceae
52844,MACAC3,MADI7,Machaeranthera divaricata (Nutt.) Greene,,
42403,HOSE2,HEMI15,Hedyotis michauxii Fosberg,,
20718,CLPE2,,Clermontia peleana Rock,pele clermontia,Campanulaceae
63076,PELE8,PESPL,Penstemon speciosus Douglas ex Lindl. ssp. lemhiensis D.D. Keck,,
80202,SEOR2,GOWA,Gormania watsonii Britton,,
59137,OLAL2,ASPTG,Aster ptarmicoides (Nees) Torr. & A. Gray var. georgianus A. Gray,,
77077,SAHA,SAHAS2,Salix hastata L. var. subintegrifolia Flod.,,
33238,ERNAL,CHNAA6,Chrysothamnus nauseosus (Pall. ex Pursh) Britton var. abbreviatus (M.E. Jones) S.F. Blake,,
33805,ERSP16,ERVAG,Eryngium vaseyi J.M. Coult. & Rose var. globosum Hoover ex Mathias & Constance,,
49358,LILA6,LILAS2,Lipochaeta lavarum (Gaudich.) DC. var. skottsbergii Sherff,,
27114,DESC3,DEWI2,Desmodium wigginsii B.G. Schub.,,
71932,PYLAS,PYSU2,Pyrrocoma subviscosa Greene,,
34054,ERUT,,Erigeron utahensis A. Gray,Utah fleabane,Asteraceae
79777,SECO2,SECOT2,Senecio congestus (R. Br.) DC. var. tonsus Fernald,,
16490,CASY2,,Casearia sylvestris Sw.,crackopen,Flacourtiaceae
27579,DICU,DICUO,Dicentra cucullaria (L.) Bernh. var. occidentalis (Rydb.) M. Peck,,
78185,SASE7,,Saxifraga serpyllifolia Pursh,thymeleaf saxifrage,Saxifragaceae
56888,MUMI2,,Muhlenbergia minutissima (Steud.) Swallen,annual muhly,Poaceae
71281,PSTEG,,Psilocarphus tenellus Nutt. var. globiferus (Bertero ex DC.) Morefield,slender woollyheads,Asteraceae
28094,DIOL2,,Dichodontium olympicum Renauld & Cardot,Olympic dichodontium moss,Dicranaceae
41748,HIFL3,,Hieracium ×floribundum Wimm. & Grab. (pro sp.),hawkweed,Asteraceae
93127,ZUCKI,,Zuckia Standl.,zuckia,Chenopodiaceae
17125,CEDI2,CEDE8,Ceanothus decumbens S. Watson,,
67029,PLFLF,PESC7,Perularia scutellata (Nutt.) Small,,
62490,PECO4,PECOP3,Penstemon cobaea Nutt. ssp. purpureus (Pennell) Pennell,,
21405,COCUG2,,Corydalis curvisiliqua Engelm. ssp. grandibracteata (Fedde) G.B. Ownbey,curvepod fumewort,Fumariaceae
70763,PSEUD33,,Pseudephebe M. Choisy,blackcurly lichen,Parmeliaceae
14332,CAHO9,CAHO15,Carex houghtonii Torr.,,
70270,PRLO2,PRLOT,Pritchardia lowreyana Rock var. turbinata Rock,,
3195,AMEL,,Amyris elemifera L.,sea torchwood,Rutaceae
62222,PEAND,,Penstemon angustifolius Nutt. ex Pursh var. dulcis Neese,broadbeard beardtongue,Scrophulariaceae
57083,MYCA,MYLA9,"Mycetia lateriflora Reinw. ex Korth., nom. illeg.",,
5071,ARAN7,ARAR13,Argentina argentea (L.) Rydb.,,
52160,LYAND,,Lycium andersonii A. Gray var. deserticola (C.L. Hitchc.) C.L. Hitchc. ex Munz,water jacket,Solanaceae
86736,THIN6,AGPU9,Agropyron pulcherrimum Grossh.,,
23701,CRPO4,,Croton poecilanthus Urb.,sabinon,Euphorbiaceae
23687,CRPH,,Crataegus phaenopyrum (L. f.) Medik.,Washington hawthorn,Rosaceae
78601,SCCA2,,Scrophularia californica Cham. & Schltdl.,California figwort,Scrophulariaceae
30540,ELDA,ELDA6,×Elytesion dakotense (Bowden) Barkworth & D.R. Dewey,,
73212,RAUNP,,Ranunculus uncinatus D. Don ex G. Don var. parviflorus (Torr.) L.D. Benson,Idaho buttercup,Ranunculaceae
74419,RIMUL,,Rimularia Nyl.,rimularia lichen,Rimulariaceae
17085,CECOC2,,Cephalozia connivens (Dicks.) Lindb. var. compacta (Warnst.) Nichols,,Cephaloziaceae
48506,LESAS2,,Leymus salinus (M.E. Jones) Á. Löve ssp. salmonis (C.L. Hitchc.) Atkins,Salmon wildrye,Poaceae
24409,CUPEP,,Cucurbita pepo L. var. pepo,field pumpkin,Cucurbitaceae
21244,COCA19,COBR5,Conradina brevifolia Shinners,,
77941,SAPY,,Salix pyrifolia Andersson,balsam willow,Salicaceae
12987,CABEP2,OESEP,Oenothera serrulata Nutt. ssp. pinifolia (Engelm. ex A. Gray) Munz,,
73315,RESA,REHUB,Reynoldsia huehuensis Sherff var. brevipes Sherff,,
71786,PYCAS,PYSU,Pyrrocoma subsquarrosa Greene,,
19817,CIQU2,CIQUX,Cirsium quercetorum (A. Gray) Jeps. var. xerolepis Petr.,,
6439,ARPA2,,Arabis patens Sull.,spreading rockcress,Brassicaceae
80339,SERA2,CHRA5,Chaetochloa rariflora (Mikan ex Trin.) Hitchc. & Chase,,
25117,CYKI,,Cyrtandra ×kipahuluensis H. St. John (pro sp.),cyrtandra,Gesneriaceae
23207,CRFUN,ORNI,Oreocarya nitida Greene,,
77507,SAMYD,,Samyda Jacq.,samyda,Flacourtiaceae
91177,VICAR,,Viola canadensis L. var. rugulosa (Greene) C.L. Hitchc.,creepingroot violet,Violaceae
6457,ARPA5,ARNEK2,Arctostaphylos nevadensis A. Gray ssp. knightii (Gankin & W. Hildreth) P.V. Wells,,
70880,PSILU,,Psilurus Trin.,,Poaceae
68978,POMA14,,Polygonella macrophylla Small,largeleaf jointweed,Polygonaceae
59158,OLCH2,,Olearia cheesmanii Cockayne & Allan,daisy bush,Asteraceae
82961,SPMA3,,Spigelia marilandica (L.) L.,woodland pinkroot,Loganiaceae
71973,PYMU,KOMU2,Koellia mutica (Michx.) Kuntze,,
26592,DEFLM,LEFLM,Lerchenfeldia flexuosa (L.) Schur ssp. montana (L.) Tzvelev,,
81859,SOCH,SOCHK4,Sophora chrysophylla (Salisb.) Seem. var. kauensis Chock,,
91063,VIAM7,,Vicia amurensis Oett.,,Fabaceae
61635,PAPAP2,PAPA9,Parnassia parviflora DC.,,
11323,BRCA70,BRFL6,Brachythecium flexicaule Renauld & Cardot,,
71280,PSTEB3,,Psoroma tenue Henssen var. borealis Henssen,northern bowl lichen,Pannariaceae
24615,CYBR14,,Cynodon bradleyi Stent,cynodon,Poaceae
12720,CAAN14,,Camissonia andina (Nutt.) P.H. Raven,Blackfoot River evening primrose,Onagraceae
22052,CONSO2,,Consolea Lem.,pricklypear,Cactaceae
53398,MAMI9,,Mariosousa millefolia Seigler & Ebinger,milfoil wattle,Fabaceae
31282,ENDI,,Endolepis dioica (Nutt.) Standl.,Suckley's endolepis,Chenopodiaceae
87267,THWRW,,Thelypodium wrightii A. Gray ssp. wrightii,Wright's thelypody,Brassicaceae
18040,CHCA31,LECA50,Lepraria candelaris (L.) Fr.,,
69794,POSU14,,"Porpidia subsimplex (H. Magn.) ?, ined.?",porpidia lichen,Porpidiaceae
23470,CRME11,,Crataegus membranacea Sarg.,tissueleaf hawthorn,Rosaceae
76876,SAEX,SASEL,Salix sessilifolia Nutt. var. leucodendroides (Rowlee) C.K. Schneid.,,
24865,CYFL4,,Cyanea floribunda E. Wimm.,Degener's cyanea,Campanulaceae
33849,ERSTB,ERRAB,"Erigeron ramosus (Walter) Britton, Sterns & Poggenb. var. beyrichii (Fisch. & C.A. Mey.) A. Gray",,
47285,LEDE4,,Lechea deckertii Small,Deckert's pinweed,Cistaceae
41556,HEUN8,,Heliotropium undulatifolium Turrill,turnsole heliotrope,Boraginaceae
44758,IVAS,,Iva asperifolia Less.,Pensacola marsh elder,Asteraceae
7834,ASIN19,,Astrolepis integerrima (Hook.) Benham & Windham,hybrid cloakfern,Pteridaceae
12968,CABE3,CAUN8,Carex uncompahgre L. Kelso,,
61639,PAPAT,PAPAN2,Parnassia palustris L. ssp. neogaea (Fernald) Hultén,,
93046,ZIPAI,,Zizania palustris L. var. interior (Fassett) Dore,northern wildrice,Poaceae
82256,SOSE2,SOPT,Soliva pterosperma (Juss.) Less.,,
73513,RHCO9,,Rhizocarpon concentricum (Davies) Beltr.,concentric map lichen,Rhizocarpaceae
59764,OPSP4,ANSP6,Anthacanthus spinosus (Jacq.) Nees,,
68261,POCU2,,Poa curtifolia Scribn.,little mountain bluegrass,Poaceae
62288,PEAZA2,,Penstemon azureus Benth. ssp. azureus,azure penstemon,Scrophulariaceae
19563,CIDOB2,CIBRL,Cirsium breweri (A. Gray) Jeps. var. lanosissimum Petr. p.p.,,
89479,TUDA2,,Tulipa dasystemon (Regel) Regel,,Liliaceae
32657,ERGL11,ERAR2,"Erechtites arguta (A. Rich.) DC., orth. var.",,
29245,DRINP,DRPE5,Draba peasei Fernald,,
1409,AESY,AESYL,Aesculus sylvatica W. Bartram var. lanceolata (Sarg.) W. Bartram,,
66300,PIMA12,,Pityrogramma ×mackenneyi W.H. Wagner,goldback fern,Pteridaceae
64653,PHGL,,Phacelia glabra Nutt.,smooth phacelia,Hydrophyllaceae
74362,RILE8,,Rinodina lepida (Nyl.) Müll. Arg.,rinodina lichen,Physciaceae
79556,SCTU2,SCTUS,Scutellaria tuberosa Benth. var. similis Jeps.,,
56617,MONST,,Monstera Adans.,monstera,Araceae
54434,MELA13,,Melaleuca lanceolata Otto,moonah,Myrtaceae
86689,THHE6,,Thelypteris heterocarpa (Blume) C.V. Morton,maiden fern,Thelypteridaceae
87806,TOTA,,Torreya taxifolia Arn.,Florida nutmeg,Taxaceae
86737,THIN6,AGTR6,Agropyron trichophorum (Link) K. Richt.,,
61400,PALO18,,Paspalum longifolium Roxb.,longleaf paspalum,Poaceae
296,ACBU4,,Acer buergerianum Miq.,trident maple,Aceraceae
57337,MYSI2,MYGR2,Myurella gracilis Lindb.,,
56768,MUAC,MUZE,Musa zebrina Van Houtte ex Planch.,,
4817,APDI2,,Aphanolejeunea diaphana (A. Evans) R.M. Schust.,,Lejeuneaceae
33689,ERRE,POPER,Poa pectinacea Michx. var. refracta (Muhl.) Chapm.,,
14553,CALAA,CALAA3,Carex lanuginosa Michx. var. americana (Fernald) B. Boivin,,
16742,CAVE6,CAVED,Carex vesicaria L. var. distenta Fr.,,
52625,MAAL13,PAAL14,Pachyptera alliacea (Lam.) A.H. Gentry,,
59407,ONWA70,CYWA12,Cynodontium wahlenbergii (Brid.) Hartm.,,
8544,ASSE7,,Astragalus sesquiflorus S. Watson,sandstone milkvetch,Fabaceae
83184,SPST3,SPBES,Spiraea beauverdiana C.K. Schneid. var. stevenii C.K. Schneid.,,
460,ACFL,ACSAF,Acer saccharum Marshall ssp. floridanum (Chapm.) Desmarais,,
29089,DRCE,DRGOC,"Dryopteris goldiana (Hook. ex Goldie) A. Gray ssp. celsa Wm. Palmer, orth. var.",,
87789,TOSI2,,Tortula sinensis (Müll. Hal.) Broth.,China tortula moss,Pottiaceae
20054,CLAR,GOHI6,Godetia hispidula S. Watson,,
87389,TIKO,,Timonius korrensis Kaneh.,Koror timonius,Rubiaceae
32229,ERCEC,,Eriogonum cernuum Nutt. var. cernuum,nodding buckwheat,Polygonaceae
22947,CRCIL,CRJAL,Cryptantha jamesii Payson var. laxa (J.F. Macbr.) Payson,,
68081,POCA26,,Polypodium calirhiza S. Whitmore & A.R. Sm.,nested polypody,Polypodiaceae
88828,TRMIB2,,Trifolium michelianum Savi ssp. balansae (Boiss.) Ponert,Balansa clover,Fabaceae
20927,CLSU64,CLGO,Cladonia gonecha (Ach.) Asah.,,
16572,CATHA2,,Catha Forssk. ex Scop.,catha,Celastraceae
16171,CASE24,CAPUT3,Calamagrostis purpurascens R. Br. var. tasuensis (Calder & Roy L. Taylor) B. Boivin,,
52832,MACAC3,ASGL8,Aster glossophyllus Piper,,
68996,POMA34,POCOM,Potentilla concinna Richardson var. macounii (Rydb.) C.L. Hitchc.,,
53873,MATO6,MASIS,Malus sieboldii (Regel) Rehder var. sieboldii,,
26164,DAPA6,LEIN27,Leciographa inspersa (Tul.) Rehm.,,
14021,CAGI,,Caesalpinia gilliesii (Wall. ex Hook.) Wall. ex D. Dietr.,bird-of-paradise shrub,Fabaceae
33441,ERPA27,,Eriachne pallescens R. Br.,,Poaceae
8943,ATFIA,ATFIR,Athyrium filix-femina (L.) Roth var. rubellum Gilbert,,
45940,KRCA,KRCE,"Krigia cespitosa (Raf.) K.L. Chambers, orth. var.",,
48550,LESH3,,Lecania shastensis Herre,Shasta lecania lichen,Bacidiaceae
19974,CIVI,CAVI10,Carduus virginianus L.,,
36920,FRRUM,RHRUM,Rhamnus rubra Greene ssp. modocensis C.B. Wolf,,
23131,CREPI,,Crepis L.,hawksbeard,Asteraceae
91104,VIAS3,,Vicia assyriaca Boiss.,,Fabaceae
30888,ELPA5,ELPAA,"Eleocharis parvula (Roem. & Schult.) Link ex Bluff, Nees & Schauer var. anachaeta (Britton) Svens.",,
24161,CRVIV2,CRVIL3,Crataegus viridis L. var. lutensis (Sarg.) Palmer,,
53730,MASA3,SISA8,Sida sagittifolia (A. Gray) Rydb.,,
58525,NYTH,,Nymphaea ×thiona Ward,waterlily,Nymphaeaceae
67941,POBAT,POTRI,Populus trichocarpa Torr. & A. Gray ex Hook. var. ingrata (Jeps.) Jeps.,,
46586,LARO2,,Lathyrus roseus Steven,,Fabaceae
76724,SADE3,SANUD2,Saussurea nuda Ledeb. ssp. densa (Hook.) G.W. Douglas,,
5009,ARAL22,PLAL7,Pleuridium alternifolium (Hedw.) Brid.,,
90858,VERBE2,,Verbesina L.,crownbeard,Asteraceae
48986,LICA10,NEBA2,Neottia banksiana (Lindl.) Rchb.f.,,
69251,POPA33,,Polygonum paronychioides Small ex Rydb.,knotweed,Polygonaceae
55019,MESU10,,Melanelia subelegantula (Essl.) Essl.,melanelia lichen,Parmeliaceae
63379,PEPA54,,Peperomia parvulifolia Trel.,short-spike peperomia,Piperaceae
32799,ERHIH2,,Erechtites hieraciifolius (L.) Raf. ex DC. var. hieraciifolius ,American burnweed,Asteraceae
58883,OEFRF,KNAR2,Kneiffia arenicola Small,,
68421,POEF,POHIE,Potentilla hippiana Lehm. ssp. effusa (Douglas ex Lehm.) Dorn,,
59416,OOFOM,,Oonopsis foliosa (A. Gray) Greene var. monocephala (A. Nelson) Kartesz & Gandhi,Raven Ridge false goldenweed,Asteraceae
21354,COCO31,AMCO16,Amblystegium compactum (Müll. Hal.) Austin,,
61467,PAMI25,SEME5,Senecio memmingeri Britton,,
65055,PHLOL2,PHLOL5,Phlox longifolia Nutt. var. linearifolia (Hook.) Brand,,
43928,IPAR2,GIAGA2,Gilia aggregata (Pursh) Spreng. var. arizonica (Greene) Fosberg,,
4417,ANPIP,,Aneura pinguis (L.) Dumort. var. pinguis,,Aneuraceae
87543,TOCA2,GLCA4,Glyceria californica Beetle,,
56422,MOCL,,Monarda clinopodia L.,white bergamot,Lamiaceae
54838,MEPOP5,,Melica porteri Scribn. var. porteri,Porter's melicgrass,Poaceae
13510,CACO38,CACOC5,Caulanthus coulteri S. Watson var. coulteri,,
71685,PUTEL,PULA,Puccinellia langeana (Berlin) T.J. Sørensen ex Hultén,,
22293,CORO13,,Cotoneaster rotundifolius Wall. ex Lindl.,,Rosaceae
82122,SONNE,,Sonneratia L. f.,,Sonneratiaceae
32019,ERAR32,,Erigeron ×arthurii B. Boivin,fleabane,Asteraceae
33304,ERNI7,,Eriocaulon nigrobracteatum Bridges & Orzell,blackbract pipewort,Eriocaulaceae
47597,LEHO,,Lessingia hololeuca Greene,woollyhead lessingia,Asteraceae
54762,MEPEP,,Melothria pendula L. var. pendula,Guadeloupe cucumber,Cucurbitaceae
83138,SPSA3,,Sphaerophysa salsula (Pall.) DC.,alkali swainsonpea,Fabaceae
38608,GLEDI,,Gleditsia L.,locust,Fabaceae
23828,CRRO5,CRMAL,Crotalaria maritima Chapm. var. linaria (Small) H. Senn,,
89066,TRPR,,Tragopogon pratensis L.,Jack-go-to-bed-at-noon,Asteraceae
87556,TOCO,,Tofieldia coccinea Richardson,northern asphodel,Liliaceae
31327,ENLE,,Endocarpon lepidallum Nyl.,chalice lichen,Verrucariaceae
60183,ORUN,ORPU7,Orobanche purpurea Jacq.,,
11663,BRJU,BRIN3,Brassica integrifolia Rupr.,,
32094,ERBLB,,Erigeron bloomeri A. Gray var. bloomeri,scabland fleabane,Asteraceae
76796,SAEB2,,Samolus ebracteatus Kunth,limewater brookweed,Primulaceae
33065,ERLUS,,Eriogonum luteolum Greene var. saltuarium Reveal,goldencarpet buckwheat,Polygonaceae
1608,AGEL,,Agoseris elata (Nutt.) Greene,tall agoseris,Asteraceae
54563,MEME8,NEMEA4,Neckera menziesii Hook. var. amblyclada Kindb.,,
49316,LIIN5,,Limnophila indica (L.) Druce,Indian marshweed,Scrophulariaceae
21302,COCAP3,COPA17,Conyza parva Cronquist,,
79525,SCTE11,GRTE6,Grimmia tenera J.E. Zetterst.,,
19928,CITE2,,Cirsium texanum Buckley,Texas thistle,Asteraceae
41143,HEPO2,,Helenium ×polyphyllum Small (pro sp.),sneezeweed,Asteraceae
2736,ALPEP,,Allium perdulce S.V. Fraser var. perdulce,plains onion,Liliaceae
61719,PAPU5,PAGE3,Paspalum geminum Nash,,
61347,PALA10,PACI8,Paspalum circulare Nash,,
91855,VIUNU,,Vigna unguiculata (L.) Walp. ssp. unguiculata,southern pea,Fabaceae
514,ACGR2,ACVIG,Acalypha virginica L. var. gracilens (A. Gray) Müll. Arg.,,
4487,ANQUB2,ANNEB,Anemone nemorosa L. var. bifolia (Farw.) B. Boivin,,
21336,COCO14,OPCO14,Opuntia corallicola (Small) Backeb.,,
50996,LUAG,LUGR4,"Lupinus gracilis J. Agardh, non Nutt.",,
51835,LUPAF,,Lupinus parviflorus Nutt. ex Hook. & Arn. ssp. floribundus (Greene) Harmon,lodgepole lupine,Fabaceae
56180,MISP6,,Miconia splendens (Sw.) Griseb.,white-flower johnnyberry,Melastomataceae
77853,SAPLP4,SAPHM,Salix phylicifolia L. var. monica (Bebb) Jeps.,,
37954,GECA10,GEEL,Gentiana elliottii Chapm.,,
86417,THAL7,THAL9,Thamnium alleghaniense (Müll. Hal.) A. Jaeger,,
46961,LEAU7,,Lecidea auriculata Th. Fr.,lecidea lichen,Lecideaceae
866,ACPE13,,Achnatherum perplexum Hoge & Barkworth,New Mexico needlegrass,Poaceae
56152,MISC,MIBA5,Mikania batatifolia auct. non DC.,,
41801,HIKAK2,HICAK,Hieracium canadense Michx. var. kalmii (L.) Scoggan,,
54470,MELAS,,Melastoma L.,melastoma,Melastomataceae
84091,STOC,STOC3,Stenanthella occidentalis (A. Gray) Rydb.,,
54351,MEHA4,PEHAR3,Pelea hawaiensis Wawra var. rubra (Rock) B.C. Stone,,
76078,RUSI4,,Rubus sieboldii Blume,palmleaf dewberry,Rosaceae
51754,LUNI2,,Lupinus nipomensis Eastw.,Nipomo Mesa lupine,Fabaceae
48033,LENE5,,Lewisia nevadensis (A. Gray) B.L. Rob.,Nevada lewisia,Portulacaceae
46956,LEAU2,SCAU8,Scorzoneroides autumnalis (L.) Moench,,
64017,PHAL9,,Phacelia alba Rydb.,white phacelia,Hydrophyllaceae
24900,CYFU9,,Cyperus fugax Liebm.,withering flatsedge,Cyperaceae
81865,SOCI,,Solanum citrullifolium A. Braun,watermelon nightshade,Solanaceae
968,ACRUA8,ACRUA,Actaea rubra (Aiton) Willd. var. arguta (Nutt.) G. Lawson,,
37727,GASEW,,Galium serpenticum Dempster ssp. warnerense Dempster & Ehrend.,Warner Mountains bedstraw,Rubiaceae
39393,GUDED,BRDE6,Brayulinea densa (Humb. & Bonpl. ex Schult.) Small,,
64342,PHCIH2,PHCIH4,Phacelia cicutaria Greene ssp. hispida (A. Gray) R.M. Beauch. ex Thorne,,
63957,PHAC3,,Phyllanthus acidus (L.) Skeels,Tahitian gooseberry tree,Euphorbiaceae
3880,ANDI2,ANDII,Antennaria dimorpha (Nutt.) Torr. & A. Gray var. integra L.F. Hend.,,
55877,MIMIM,MIMI15,Minuopsis michauxii (Fenzl) W.A. Weber,,
12672,CAALA2,CAPH4,Carex physorhyncha Liebm. ex Steud.,,
17470,CEOL,CEOLO,Ceanothus oliganthus Nutt. var. orcuttii (Parry) Jeps.,,
53636,MARA5,,Matelea radiata Correll,falfurrias milkvine,Asclepiadaceae
23759,CRPTP2,,Cryptantha pterocarya (Torr.) Greene var. pterocarya,wingnut cryptantha,Boraginaceae
41017,HENRY,,Henrya Nees ex Benth.,henrya,Acanthaceae
31803,EQAR,,Equisetum arvense L.,field horsetail,Equisetaceae
30805,ELMU,,Elaeagnus multiflora Thunb.,cherry silverberry,Elaeagnaceae
89760,URDIH,,Urtica dioica L. ssp. holosericea (Nutt.) Thorne,stinging nettle,Urticaceae
35417,EUSA15,,Eurybia saxicastellii (J.J.N. Campbell & M. Medley) G.L. Nesom,rockcastle aster,Asteraceae
19388,CHVIA4,,Chrysothamnus viscidiflorus (Hook.) Nutt. ssp. axillaris (D.D. Keck) L.C. Anderson,yellow rabbitbrush,Asteraceae
34714,EUFE6,,Euryale ferox Salisb.,euryale,Nymphaeaceae
35728,FACIW,FAWRI,Fabronia wrightii Sull. var. intermedia Grout,,
69545,PORI3,POMI6,Potentilla millegrana Engelm. ex Lehm.,,
58222,NOFEF,THPR3,Thlaspi prolixum A. Nelson,,
32411,ERDA,,Eriogonum darrovii Kearney,Darrow's buckwheat,Polygonaceae
1382,AEPA,,Aesculus pavia L.,red buckeye,Hippocastanaceae
64150,PHAU7,PHCOB,Phragmites communis Trin. ssp. berlandieri (Fourn.) Á. Löve & D. Löve,,
7771,ASGU,,Astragalus gummifer Labill.,gum tragacanth milkvetch,Fabaceae
23698,CRPL5,,Craterostigma plantagineum Hochst.,blue gem,Scrophulariaceae
44602,ISMY2,ISSPC,"Isothecium spiculiferum (Mitt.) Renauld & Cardot var. cardotii (Kindb.) H.A. Crum, Steere & L.E. Anderson",,
47071,LECA5,,Lepidium campestre (L.) W.T. Aiton,field pepperweed,Brassicaceae
63036,PELA8,,Penstemon laevigatus Aiton,eastern smooth beardtongue,Scrophulariaceae
31491,EPAU2,,Epaltes australis Less.,,Asteraceae
85770,TAPA2,TARE2,Talinum reflexum Cav.,,
12220,BRVEV2,BRID3,Brachythecium idahense Renauld & Cardot,,
21124,COAMA2,,Corispermum americanum (Nutt.) Nutt. var. americanum,American bugseed,Chenopodiaceae
84453,STTI,RICA4,Rivea campanulata auct. non (L.) House,,
36295,FISE2,,Fingerhuthia sesleriiformis Nees,thimble grass,Poaceae
36198,FIHA4,,Fissidens hallianus (Sull. & Lesq.) Mitt.,fissidens moss,Fissidentaceae
42333,HOPI3,,Homostegia piggotii (Berk. & Broome) P. Karst.,,Uncertain Ascomycota Family
25425,CYPA5,CYPAM2,Cypripedium passerinum Richardson var. minganense Vict.,,
3408,AMPEL4,,Ampelaster G.L. Nesom,climbing aster,Asteraceae
70646,PSCA,PSLI3,Psidium littorale Raddi,,
63893,PEUR,,Peperomia urocarpa Fisch. & C.A. Mey.,Brazilian peperomia,Piperaceae
44975,JAPE,,Jacquemontia pentanthos (Jacq.) G. Don,skyblue clustervine,Convolvulaceae
72641,RAAQ,,Ranunculus aquatilis L.,white water crowfoot,Ranunculaceae
48959,LIBI5,,Linum bienne Mill.,pale flax,Linaceae
5895,ARHOP3,ARPI3,Arabis pinetorum Tidestr.,,
73431,RHCA11,RHSM2,Rhynchospora smallii Britton,,
72367,QULO,QUHI2,Quercus hindsii Benth.,,
3323,AMMA5,AMMA2,"Ampelodesmos mauritanica (Poir.) T. Dur. & Schinz, orth. var.",,
23565,CRNE8,,Cryphaea nervosa (Hook. & Wilson) Müll. Hal.,cryphaea moss,Cryphaeaceae
67082,PLHI,PLDE5,Platanus densicoma Dode,,
42003,HIVE,HIVEN,Hieracium venosum L. var. nudicaule (Michx.) Farw.,,
88970,TROVO2,,Trillium ovatum Pursh ssp. ovatum,Pacific trillium,Liliaceae
65575,PHSC14,,Phymatosorus scolopendria (Burm. f.) Pic. Serm.,monarch fern,Polypodiaceae
1007,ACSC11,STSC2,Stipa scribneri Vasey,,
34046,ERUNU,ERCA24,Erigeron cavernensis S.L. Welsh & N.D. Atwood,,
11506,BRFE4,,Brachythecium fendleri (Sull.) A. Jaeger,Fendler's brachythecium moss,Brachytheciaceae
90838,VEPOP,,Vesicarpa potentilloides (A. Gray) Rydb. var. potentilloides,fivefinger chickensage,Asteraceae
48734,LEUCA,,Leucaena Benth.,leadtree,Fabaceae
78044,SARO12,,Salix rosmarinifolia L.,,Salicaceae
80008,SEJA3,,Sesbania javanica Miq.,,Fabaceae
63956,PHAC2,,Phlox aculeata A. Nelson,sagebrush phlox,Polemoniaceae
36487,FOENI,,Foeniculum Mill.,fennel,Apiaceae
82166,SOPI,,Solidago pinetorum Small,Small's goldenrod,Asteraceae
37284,GABO2,GABOS3,Galium boreale L. var. scabrum DC.,,
8818,ASXI,ASCOX,Astragalus convallarius Greene var. xiphoides Barneby,,
10905,BOLI2,BOTE9,Boerhavia tenuifolia A. Gray,,
72391,QUMA5,,Quercus macrolepis Kotschy,Vallonea oak,Fagaceae
57407,NAAT,NAHAF2,Navarretia hamata Greene var. foliacea (Greene) Thorne,,
3838,ANCO,ANNA2,Antennaria nardina Greene,,
83257,SPVA,,Sporobolus vaginiflorus (Torr. ex A. Gray) Alph. Wood,poverty dropseed,Poaceae
40177,HEAR11,CRAR4,Crocanthemum arenicola (Chapm.) Barnhart,,
82062,SOMA3,SOAU4,Solanum auriculatum Aiton,,
91972,VUMIP,FEMIS,Festuca microstachys Nutt. var. simulans (Hoover) Hoover,,
85935,TECA8,,Tecoma capensis (Thunb.) Lindl.,Cape honeysuckle,Bignoniaceae
32065,ERBAP,ERBAD,Eriogonum baileyi S. Watson var. divaricatum (Gandog.) Reveal,,
38009,GECUT,GECUT2,Geranium cuneatum Hook. ssp. tridens (Hillebr.) Carlq. & Bissing,,
59331,ONEC,,Onosma echioides L.,onosma,Boraginaceae
30703,ELKA,,Eleocharis kamtschatica (C.A. Mey.) Kom.,Kamchatka spikerush,Cyperaceae
27610,DIDI15,,Diospyros digyna Jacq.,black sapote,Ebenaceae
54103,MEBR10,,Melaleuca bracteata F. Muell.,river teatree,Myrtaceae
32081,ERBI7,,Erigeron biolettii Greene,Bioletti's fleabane,Asteraceae
82938,SPLO,,Sphenopholis longiflora (Vasey) Hitchc.,Texas wedgescale,Poaceae
43505,HYTET,HYIR,Hygroamblystegium irriguum (Hook. & Wilson) Loeske,,
8545,ASSE7,ASSEB,Astragalus sesquiflorus S. Watson var. brevipes Barneby,,
49048,LICAE,LICAR2,Lilium canadense L. var. rubrum hort. ex T. Moore,,
59039,OEPE,KNPE,Kneiffia perennis (L.) Pennell,,
55788,MILI3,OXAN,Oxybaphus angustifolius Sweet,,
74564,RITR5,,Riccia trichocarpa M. Howe,,Ricciaceae
17990,CHBL2,EUCH6,Euphorbia chiogenes (Small) Oudejans,,
8247,ASOF,,Asparagus officinalis L.,garden asparagus,Liliaceae
7227,ASAR3,,Astragalus aretioides (M.E. Jones) Barneby,cushion milkvetch,Fabaceae
66597,PITA4,,Pinus tabuliformis Carrière,southern Chinese pine,Pinaceae
59358,ONOR,,Ononis ornithopodioides L.,,Fabaceae
66034,PICO4,PICLG,Pittosporum cladanthum Sherff var. gracilipes Sherff,,
27066,DEPU6,ASPU14,Asimina pulchella (Small) G.A. Zimmerman,,
64971,PHLA3,LILAR,Lippia lanceolata Michx. var. recognita Fernald & Grisc.,,
51439,LUDU,,Lupinus duranii Eastw.,Mono Lake lupine,Fabaceae
179,ABVIA,,Abronia villosa S. Watson var. aurita (Abrams) Jeps.,desert sand verbena,Nyctaginaceae
77309,SALU2,SACOW,Salix cordata Muhl. var. watsonii Bebb,,
87080,THRE5,,Thelypteris reticulata (L.) Proctor,latticevein fern,Thelypteridaceae
52972,MACOC,HACO5,Haplopappus coloradoensis (A. Gray) R.L. Hartm. ex Dorn,,
82610,SPCO12,SPBEC2,Spiraea betulifolia Pall. ssp. corymbosa (Raf.) Roy L. Taylor & MacBryde,,
24058,CRTE5,,Cryptantha texana (A. DC.) Greene,pick me nots,Boraginaceae
82057,SOMA10,,Sobralia macrantha Lindl.,,Orchidaceae
39411,GUFR,PIFR2,Pisonia fragrans Dum. Cours.,,
9837,BARTR3,,Bartramiopsis Kindb.,bartramiopsis moss,Polytrichaceae
29107,DRCO2,,Drymaria cordata (L.) Willd. ex Schult.,whitesnow,Caryophyllaceae
92108,WEBST,,Websteria S.H. Wright,algal bulrush,Cyperaceae
88283,TREC3,LAEC3,Lasiochloa echinata (Thunb.) Henrard,,
879,ACPIC2,ACCA2,Acaena californica Bitter,,
34390,EUAP4,,Eucalyptus approximans Maiden,,Myrtaceae
17551,CEPU10,CEGE2,Celtis georgiana Small,,
84733,SYCO2,,Symphyotrichum ×columbianum (Piper) G.L. Nesom,aster,Asteraceae
21267,COCA70,,Coscinodon calyptratus (Hook.) C.E.O. Jensen ex Kindb.,coscinodon moss,Grimmiaceae
31963,ERAN4,,Eriogonum annuum Nutt.,annual buckwheat,Polygonaceae
90937,VETU2,,"Vermilacinia tuberculata (Riefner, Bowler, J.E. Marsh & T.H. Nash) Spjut",,Ramalinaceae
6721,ARRU12,,Armeria rumelica Boiss.,,Plumbaginaceae
2005,AGTEP2,,Agalinis tenuifolia (Vahl) Raf. var. parviflora (Nutt.) Pennell,slenderleaf false foxglove,Scrophulariaceae
55182,MIACB,MIBIG,Mimosa biuncifera Benth. var. glabrescens A. Gray,,
57402,NAARM,,Nama aretioides (Hook. & Arn.) Brand var. multiflorum (A. Heller) Jeps.,ground nama,Hydrophyllaceae
69736,POSM,,Portulaca smallii P. Wilson,Small's purslane,Portulacaceae
6626,ARPUN,ARNE9,Aristida nealleyi (Vasey) Vasey,,
59129,OEXE,,Oenothera xerogaura W.L. Wagner & Hoch,Drummond's beeblossom,Onagraceae
28416,DISE14,,Dianthus seguieri Villemorin,ragged pink,Caryophyllaceae
62879,PEHE,PEPEH,Pectocarya penicillata (Hook. & Arn.) A. DC. var. heterocarpa I.M. Johnst.,,
88118,TRCE3,SCCAD2,"Scirpus caespitosus L. var. delicatulus Fernald, orth. var.",,
78329,SATW,SARO8,"Salix rotundifolia Nutt., non Trautv.",,
70904,PSJA2,,Pseudostellaria jamesiana (Torr.) W.A. Weber & R.L. Hartm.,tuber starwort,Caryophyllaceae
57589,NAPO,,Narcissus poeticus L.,poet's narcissus,Liliaceae
77293,SALME,,Salmea DC.,bejuco de miel,Asteraceae
88481,TRHY,TREL12,Trifolium elegans Savi,,
52173,LYAS,LYLU2,Lycopus lucidus auct. non Turcz. ex Benth. p.p.,,
21988,COMOH,COHI2,Cordylanthus hispidus Pennell,,
29344,DRORO,,Draba oreibata J.F. Macbr. & Payson ex Payson var. oreibata,limestone draba,Brassicaceae
82351,SOST4,,Sophora stenophylla A. Gray,fringeleaf necklacepod,Fabaceae
61296,PAHY3,PAAPM2,Papaver apulum Ten. var. micranthum auct. non (Boreau) Fedde,,
50617,LOPA9,,Lomatium pastorale Darrach & D.H.Wagner,Umatilla biscuitroot,Apiaceae
75397,RUDE3,RUDEK,Rumex dentatus L. ssp. klotzschianus (Meisn.) Rech. f.,,
37194,GAAM3,,Gamochaeta americana (Mill.) Weddell,American everlasting,Asteraceae
76522,SACA10,SPCA11,Spergella caespitosa (J. Vahl) Á. Löve & D. Löve,,
25197,CYLO11,,Cynanchum louiseae Kartesz & Gandhi,Louise's swallow-wort,Asclepiadaceae
39549,GYDI2,,Gymnocarpium disjunctum (Rupr.) Ching,Pacific oakfern,Dryopteridaceae
77586,SANI7,,Sagina nivalis (Lindbl.) Fr.,snow pearlwort,Caryophyllaceae
45576,JUTE,JUMA7,Juncus macer Gray,,
91675,VIRA3,,Viola ×ravida House,hybrid violet,Violaceae
44711,ISTE5,ISECM2,Isoetes echinospora Durieu var. muricata (Durieu) Engelm.,,
13587,CACR4,,Carex crawfordii Fernald,Crawford's sedge,Cyperaceae
84728,SYCI2,BRCI6,Brachyactis ciliata (Ledeb.) Ledeb.,,
21809,COLA4,,Cordylanthus laxiflorus A. Gray,nodding bird's-beak,Scrophulariaceae
22833,CRCA,CRCAM2,Crataegus calpodendron (Ehrh.) Medik. var. microcarpa (Chapm.) Palmer,,
37825,GAVEV,,Galium verum L. var. verum,Yellow Spring bedstraw,Rubiaceae
29079,DRCA2,,Drosera capillaris Poir.,pink sundew,Droseraceae
68113,POCAV,,Potentilla canadensis L. var. villosissima Fernald,dwarf cinquefoil,Rosaceae
83346,STAMA2,STAMA4,Streptopus amplexifolius (L.) DC. ssp. americanus (Schult. & Schult. f.) Á. Löve & D. Löve,,
80288,SEPOC,,Senegalia polyacantha (Willd.) Seigler & Ebinger ssp. campylacantha (Hochst. ex A. Rich.) Kyal. & Bo,,Fabaceae
38903,GOHY,,Gochnatia hypoleuca (DC.) A. Gray,shrubby bullseye,Asteraceae
43671,ILMU,VAMU2,Vaccinium mucronatum L.,,
21754,COIN11,,Coenogonium interpositum Nyl.,coenogonium lichen,Gyalectaceae
87157,THSP3,,Thelocarpon sphaerosporum H. Magn.,thelocarpon lichen,Acarosporaceae
36638,FRALM,FRPA6,Frasera pahutensis Reveal,,
90157,VADA3,,Vachellia davyi (N.E. Br.) Kyal. & Boatwr.,,Fabaceae
3132,AMCH3,SECH3,Selinocarpus chenopodioides A. Gray,,
8473,ASROA,,Astragalus robbinsii (Oakes) A. Gray var. alpiniformis (Rydb.) Barneby ex C.L. Hitchc.,Robbins' milkvetch,Fabaceae
5838,ARHI4,ARPLH3,Argemone platyceras Link & Otto var. hispida (A. Gray) Prain,,
34962,EULA7,,Eupatorium lancifolium (Torr. & A. Gray) Small,lanceleaf thoroughwort,Asteraceae
59776,OPST6,,"Opegrapha staurothelicola (Fink) ?, ined.?",,Opegraphaceae
70387,PRPAP4,MAPA16,Martynia parviflora Wooton,,
21940,COMI12,,Coronilla minima L.,,Fabaceae
557,ACIDA,,Acidanthera Hochst.,acidanthera,Iridaceae
25470,CYPH2,,Cyperus phleoides (Nees ex Kunth) Hillebr.,Molokai flatsedge,Cyperaceae
83759,STGR8,,Stereocaulon groenlandicum (E. Dahl) Lamb,Greenland snow lichen,Stereocaulaceae
15966,CARO5,CADEB3,Carex deflexa Hornem. var. bootii L.H. Bailey,,
12700,CAAM8,CAGRA,Carex grisea Wahlenb. var. amphibola (Steud.) Kük.,,
43018,HYHYH,ASHYO,Ascyrum hypericoides L. var. oblongifolium (Spach) Fernald,,
9412,BAAR,,Baptisia arachnifera Duncan,cobwebby wild indigo,Fabaceae
21683,COGR6,COOFA,Cochlearia officinalis L. ssp. arctica (Schltdl.) Hultén,,
18519,CHHA2,CHREW,Chamaesyce remyi (A. Gray ex Boiss.) Croizat & O. Deg. var. wilkesii (Sherff) O. Deg. & I. Deg.,,
74056,RHTRS,RHARS3,Rhus aromatica Aiton var. simplicifolia (Greene) Cronquist,,
31645,EPILO,,Epilobium L.,willowherb,Onagraceae
79274,SCPOT,SCPOP,Scutellaria potosina Brandegee ssp. parviflora Epling,,
77177,SAIN4,MIBI11,Micranthes bidens Small,,
45044,JOPU,ERPUV,Eriogonum puberulum S. Watson var. venosum S. Stokes,,
39713,HABR5,,Hastingsia bracteosa S. Watson,largeflower rushlily,Liliaceae
57391,MYWI2,LEWI3,Leptotrema wightii (Taylor) Müll. Arg.,,
88483,TRHY,TRHYE8,Trifolium hybridum L. ssp. elegans (Savi) Asch. & Graebn.,,
14788,CALU8,,Carya ×ludoviciana (Ashe) Little,hybrid hickory,Juglandaceae
86687,THHE2,,Thalictrum heliophilum Wilken & DeMott,Cathedral Bluff meadow-rue,Ranunculaceae
88929,TROCM2,,Triantha occidentalis (S. Watson) Gates ssp. montana (C.L. Hitchc.) Packer,sticky tofieldia,Liliaceae
68944,POLU,PYLU2,Pylostachya lutea (L.) Small,,
55671,MIGU,MITH2,Mimulus thermalis A. Nelson,,
82712,SPEM,SPEMV,Sphaeralcea emoryi Torr. ex A. Gray ssp. variabilis (Cockerell) Kearney,,
68065,POCA19,POCAE2,Populus canadensis Moench var. eugenei (Simon-Louis) Schelle,,
61785,PARAR,PARAO,Papaver radicatum Rottb. ssp. occidentale Lundstr.,,
59579,OPHIU,,Ophiuros C.F. Gaertn.,,Poaceae
26941,DEPAN,,Descurainia paradisa (A. Nelson & Kennedy) O.E. Schulz ssp. nevadensis Rollins,paradise tansymustard,Brassicaceae
22751,CRAR8,,Crataegus arrogans Beadle,dixie hawthorn,Rosaceae
26082,DAIN3,BUIN4,Buelliella inquilina (Tuck.) Fink,,
36053,FESO,,Festuca sororia Piper,ravine fescue,Poaceae
17770,CHABM,CAABM,Cassia absus L. var. meonandra Irwin & Barneby,,
32106,ERBO9,CHNAB6,Chrysothamnus nauseosus (Pall. ex Pursh) Britton ssp. bolanderi (A. Gray) H.M. Hall & Clem.,,
12226,BRVEV3,CHCOS2,Chamberlainia collina (Schleich. ex Müll. Hal.) H. Rob. var. suberythrorrhiza (Renauld & Cardot) H. Rob.,,
25153,CYLA8,,Cyrtandra laxiflora H. Mann,Oahu cyrtandra,Gesneriaceae
64502,PHDIL5,PHDIL3,Phlox diffusa Benth. var. longistylis (Wherry) M. Peck,,
12245,BRWR70,,Bryum wrightii Sull. & Lesq.,Wright's bryum moss,Bryaceae
92880,ZAPO2,ANPO6,Anneslea portoricensis (Jacq.) Britton,,
15409,CAPA23,PACA27,Papaya carica Gaertn.,,
31696,EPOC,,Ephebe ocellata Henssen,thread lichen,Lichinaceae
20620,CLMI60,CLARM,Cladonia arbuscula (Wallr.) Flotow ssp. mitis (Sandst.) Ruoss,,
83542,STCO2,STVIC,Stanleya viridiflora Nutt. var. confertiflora B.L. Rob.,,
67576,PLST4,PLSA6,Platanthera saccata (Greene) Hultén,,
49510,LINDB,,Lindbergia Kindb.,lindbergia moss,Leskeaceae
84511,STVI13,POVI20,Porina viridiseda (Nyl.) Zahlbr.,,
8330,ASPL2,ASPA31,Astragalus pachycarpus Torr. & A. Gray,,
83577,STDA60,,Stereocaulon dactylophyllum Flörke,snow lichen,Stereocaulaceae
26070,DAHO2,,Dalbergia hosokawae Costion,bangikoi,Fabaceae
14162,CAGY4,,Carex gynandra Schwein.,nodding sedge,Cyperaceae
65824,PHVL,,Phascum vlassovii Laz.,Vlassov's phascum moss,Pottiaceae
20873,CLSP,,Clarkia speciosa F.H. Lewis & M.E. Lewis,redspot clarkia,Onagraceae
3413,AMPHI5,,Amphianthus Torr.,amphianthus,Scrophulariaceae
27379,DIBI,PABI8,Paspalum bicorne Lam.,,
69405,POPRA6,POAL,Poa alpigena Lindm.,,
52458,LYRA,,Lycoris radiata (L'Hér.) Herb.,red spider lily,Liliaceae
46201,LAETI,,Laetia Loefl. ex L.,laetia,Flacourtiaceae
39694,HAAM4,HADU,Habenaria dussii Cogn.,,
17514,CEPAR,,Ceanothus papillosus Torr. & A. Gray var. roweanus McMinn,wartleaf ceanothus,Rhamnaceae
41757,HIFLG3,HIFLG4,Hieracium flagellare Willd. ssp. glatzense Naegeli & Peter,,
62754,PEFRV,PEPAF,Petasites palmatus (Aiton) A. Gray var. frigidus Macoun,,
40957,HEMU4,,Hedysarum multijugum Maxim.,,Fabaceae
2599,ALMA7,BEMA,Betula-Alnus maritima Marshall,,
66551,PISA6,PISAM,Pisum sativum L. var. macrocarpon Ser.,,
55043,METAN,,Metaneckera Steere,metaneckera moss,Neckeraceae
21428,CODED,CODEI,Collomia debilis (S. Watson) Greene var. ipomoea Payson,,
76808,SAEI,,Salvia eigii Zohary,,Lamiaceae
41035,HEOB2,ANHE9,Anaptychia heterochroa Vain.,,
62109,PAVE6,,Pandanus veitchii hort. Veitch ex Masters & T. Moore,Veitch's screwpine,Pandanaceae
92789,YUSC,YUBAB2,Yucca baccata Torr. var. brevifolia (Schott ex Torr.) L.D. Benson & Darrow,,
47408,LEFLF5,,Leptosiphon floribundum (A. Gray) J.M. Porter & L.A. Johnson ssp. floribundum,manyflower linanthus,Polemoniaceae
36165,FICU2,,Fitzroya cupressoides (Molina) I.M. Johnst.,Patagonian cypress,Cupressaceae
75735,RUMA4,RUMAA,Rumex maritimus L. var. athrix H. St. John,,
62630,PEEE,PETR4,Peperomia treleasei Yunck.,,
38765,GLSE3,,Glyceria septentrionalis Hitchc.,floating mannagrass,Poaceae
3714,ANAR3,ANLY2,Angelica lyallii S. Watson,,
66206,PIGR8,,Pinus greggii Engelm. ex Parl.,,Pinaceae
23481,CRMI,,Cryptantha micrantha (Torr.) I.M. Johnst.,redroot cryptantha,Boraginaceae
17408,CEMUA,CECR3,Ceratophyllum cristatum Spruce ex K. Schum.,,
26545,DEDE,,Delphinium decorum Fisch. & C.A. Mey.,coastal larkspur,Ranunculaceae
5325,ARCE60,PACE5,Parmelia centrifuga (L.) Ach.,,
89825,URPL2,PAPL6,"Paspalum platyphyllum Griseb., non Schult.",,
51414,LUDED,LUMIS,Lupinus microcarpus Sims ssp. scopulorum (C.P. Sm.) C.P. Sm.,,
69821,POTAM,,Potamogeton L.,pondweed,Potamogetonaceae
25134,CYLA,AMLA11,Ampelamus laevis (Michx.) Krings,,
23478,CRME5,,Cryptantha mensana (M.E. Jones) Payson,southwestern cryptantha,Boraginaceae
92182,WILKE,,Wilkesia A. Gray,iliau,Asteraceae
70099,PRCE2,,Prunus cerasifera Ehrh.,cherry plum,Rosaceae
8143,ASMO8,ASSH7,Astragalus shultziorum Barneby,,
49855,LITE4,LIBR8,Lithophragma brevilobum Rydb.,,
56690,MORE,,Monotropsis reynoldsiae (A. Gray) A. Heller,Florida pygmypipes,Monotropaceae
63507,PEPRP,PECOP6,Penstemon confertus Douglas ex Lindl. ssp. procerus (Douglas ex Graham) D.V. Clark,,
20870,CLSO4,CLCL3,Cladonia clavulifera Vain.,,
63918,PEVI9,,Perityle villosa (S.F. Blake) Shinners,Hanaupah rockdaisy,Asteraceae
87612,TOIN5,,Tortula inermis (Brid.) Mont.,tortula moss,Pottiaceae
54915,MESA13,,Mesoptychia sahlbergii (Lindb. & Arnell) A. Evans,,Mesoptychiaceae
79251,SCPIG,SCWI,Schkuhria wislizeni A. Gray,,
6916,ARTHR3,,Arthrostemma Pav. ex D. Don,arthrostemma,Melastomataceae
16464,CASU6,CAST25,Carex stenoptera Mack.,,
32719,ERGRG4,,Eriogonum gracile Benth. var. gracile,slender woolly buckwheat,Polygonaceae
68007,POBOB2,POBOR,Polemonium boreale M.F. Adams ssp. richardsonii (Graham) J.P. Anderson,,
31912,ERAL11,,Eriogonum aliquantum Reveal,Cimarron buckwheat,Polygonaceae
86331,TETRA10,,Tetraplodon Bruch & Schimp.,nitrogen moss,Splachnaceae
29426,DRSI,,Draba sierrae Sharsm.,Sierra draba,Brassicaceae
89004,TRPAS,TRSA6,Trifolium salictorum Greene ex Rydb.,,
37427,GAGR4,,Galphimia gracilis Bartlett,slender goldshower,Malpighiaceae
9577,BAHA,,Baccharis halimifolia L.,eastern baccharis,Asteraceae
33166,ERMO2,ERPL6,Erigeron plateauensis Cronquist,,
73155,RASU2,RASUI,Ranunculus sulphureus Sol. ex C.J. Phipps var. intercedens Hultén,,
82011,SOLA4,,Solidago latissimifolia Mill.,Elliott's goldenrod,Asteraceae
20289,CLDI,CLDI2,Cleistesiopsis divaricata (L.) Pansarin & F. Barros,,
62099,PAUR2,PALA26,Paspalum larranagai Arechav.,,
60264,OSLO,WALO2,Washingtonia longistylis (Torr.) Britton,,
39986,HAST10,,Harmonia stebbinsii (T.W. Nelson & J.P. Nelson) B.G. Baldw.,Stebbins' tarweed,Asteraceae
75247,RUAR5,RUSA5,Rubus saepescandens L.H. Bailey,,
85948,TECAO,,Teucrium canadense L. var. occidentale (A. Gray) E.M. McClint. & Epling,western germander,Lamiaceae
14570,CALAL4,,Carex laxiculmis Schwein. var. laxiculmis,spreading sedge,Cyperaceae
30860,ELOLO,,Eleocharis olivacea Torr. var. olivacea,bright green spikerush,Cyperaceae
73828,RHNU2,RHSE6,Rhexia serrulata Nutt.,,
79959,SEHIH,DIHI5,Ditremexa hirsuta (L.) Britton & Rose ex Britton & P. Wilson,,
91691,VIRE7,VIAS,"Viburnum ashii Bush, orth. var.",,
5631,AREX2,,Arthonia excedens Nyl.,dot lichen,Arthoniaceae
67023,PLFL6,,Plagiochila floridana A. Evans,,Plagiochilaceae
20955,CLTET2,CLTER,Clematis terniflora DC. var. robusta (Carrière) Tamura,,
77928,SAPUM,,Sarracenia purpurea L. ssp. purpurea var. montana D.E. Schnell & Determann,mountain purple pitcherplant,Sarraceniaceae
69573,PORTE,,Porterella Torr.,porterella,Campanulaceae
79782,SECO4,CHHI10,Chaetochloa hispida Scribn. & Merr.,,
56432,MOCO7,LECO9,Lembertia congdonii (A. Gray) Greene,,
34523,EUCO10,EUCOA,Euphorbia corollata L. var. angustifolia Elliott,,
24106,CRUN,CRCH2,Crataegus choriophylla Sarg.,,
70788,PSFA,,Psychotria fauriei (Levl.) Fosberg,Koolau Range wild coffee,Rubiaceae
